Datetime,Water Level (m)
2025-05-02 12:00:00,-0.520829
2025-05-02 13:00:00,-0.55539805
2025-05-02 14:00:00,-0.47052783
2025-05-02 15:00:00,-0.25626123
2025-05-02 16:00:00,-0.009765783
2025-05-02 17:00:00,0.19719712
2025-05-02 18:00:00,0.29750374
2025-05-02 19:00:00,0.26915327
2025-05-02 20:00:00,0.13960694
2025-05-02 21:00:00,-0.073976174
2025-05-02 22:00:00,-0.3061046
2025-05-02 23:00:00,-0.49143258
2025-05-03 00:00:00,-0.5928604
2025-05-03 01:00:00,-0.57441515
2025-05-03 02:00:00,-0.4299885
2025-05-03 03:00:00,-0.1945446
2025-05-03 04:00:00,0.08623506
2025-05-03 05:00:00,0.35978904
2025-05-03 06:00:00,0.5435963
2025-05-03 07:00:00,0.60827804
2025-05-03 08:00:00,0.55079955
2025-05-03 09:00:00,0.3952952
2025-05-03 10:00:00,0.16049185
2025-05-03 11:00:00,-0.09174912
2025-05-03 12:00:00,-0.28845283
2025-05-03 13:00:00,-0.42038932
2025-05-03 14:00:00,-0.46869072
2025-05-03 15:00:00,-0.3911166
2025-05-03 16:00:00,-0.23136945
2025-05-03 17:00:00,-0.075346425
2025-05-03 18:00:00,0.08875184
2025-05-03 19:00:00,0.17924328
2025-05-03 20:00:00,0.2013725
2025-05-03 21:00:00,0.12249392
2025-05-03 22:00:00,-0.0044539496
2025-05-03 23:00:00,-0.17257671
2025-05-04 00:00:00,-0.32704338
2025-05-04 01:00:00,-0.41944325
2025-05-04 02:00:00,-0.40999937
2025-05-04 03:00:00,-0.31259143
2025-05-04 04:00:00,-0.1360606
2025-05-04 05:00:00,0.08453275
2025-05-04 06:00:00,0.28980094
2025-05-04 07:00:00,0.43031076
2025-05-04 08:00:00,0.4934318
2025-05-04 09:00:00,0.4737666
2025-05-04 10:00:00,0.37565535
2025-05-04 11:00:00,0.20107707
2025-05-04 12:00:00,-0.019631233
2025-05-04 13:00:00,-0.19268772
2025-05-04 14:00:00,-0.33746764
2025-05-04 15:00:00,-0.39307034
2025-05-04 16:00:00,-0.3738129
2025-05-04 17:00:00,-0.27539825
2025-05-04 18:00:00,-0.13080627
2025-05-04 19:00:00,0.024434008
2025-05-04 20:00:00,0.12947795
2025-05-04 21:00:00,0.17038003
2025-05-04 22:00:00,0.15453924
2025-05-04 23:00:00,0.071028434
2025-05-05 00:00:00,-0.06279309
2025-05-05 01:00:00,-0.19199006
2025-05-05 02:00:00,-0.27519247
2025-05-05 03:00:00,-0.3040087
2025-05-05 04:00:00,-0.2602105
2025-05-05 05:00:00,-0.12929417
2025-05-05 06:00:00,0.05184078
2025-05-05 07:00:00,0.2158711
2025-05-05 08:00:00,0.3647533
2025-05-05 09:00:00,0.44400474
2025-05-05 10:00:00,0.44265732
2025-05-05 11:00:00,0.35790473
2025-05-05 12:00:00,0.21212463
2025-05-05 13:00:00,0.0189119
2025-05-05 14:00:00,-0.1671031
2025-05-05 15:00:00,-0.33692005
2025-05-05 16:00:00,-0.3990661
2025-05-05 17:00:00,-0.40765494
2025-05-05 18:00:00,-0.31710163
2025-05-05 19:00:00,-0.18109502
2025-05-05 20:00:00,-0.01578995
2025-05-05 21:00:00,0.10124635
2025-05-05 22:00:00,0.19512896
2025-05-05 23:00:00,0.19919649
2025-05-06 00:00:00,0.12889937
2025-05-06 01:00:00,0.0010516678
2025-05-06 02:00:00,-0.12026705
2025-05-06 03:00:00,-0.24173793
2025-05-06 04:00:00,-0.30640283
2025-05-06 05:00:00,-0.30040228
2025-05-06 06:00:00,-0.19955574
2025-05-06 07:00:00,-0.06861399
2025-05-06 08:00:00,0.10513438
2025-05-06 09:00:00,0.27132025
2025-05-06 10:00:00,0.39025497
2025-05-06 11:00:00,0.42472154
2025-05-06 12:00:00,0.3678849
2025-05-06 13:00:00,0.20671389
2025-05-06 14:00:00,0.002634106
2025-05-06 15:00:00,-0.1901554
2025-05-06 16:00:00,-0.35737237
2025-05-06 17:00:00,-0.47375605
2025-05-06 18:00:00,-0.45265162
2025-05-06 19:00:00,-0.3398197
2025-05-06 20:00:00,-0.16584319
2025-05-06 21:00:00,0.019376347
2025-05-06 22:00:00,0.19641496
2025-05-06 23:00:00,0.31263807
2025-05-07 00:00:00,0.32084247
2025-05-07 01:00:00,0.2465133
2025-05-07 02:00:00,0.11083582
2025-05-07 03:00:00,-0.05956403
2025-05-07 04:00:00,-0.21668008
2025-05-07 05:00:00,-0.3063834
2025-05-07 06:00:00,-0.31053862
2025-05-07 07:00:00,-0.22818471
2025-05-07 08:00:00,-0.069505356
2025-05-07 09:00:00,0.12998804
2025-05-07 10:00:00,0.3107322
2025-05-07 11:00:00,0.43191713
2025-05-07 12:00:00,0.4552597
2025-05-07 13:00:00,0.38333437
2025-05-07 14:00:00,0.20424019
2025-05-07 15:00:00,-0.025676653
2025-05-07 16:00:00,-0.2634108
2025-05-07 17:00:00,-0.4410133
2025-05-07 18:00:00,-0.5276082
2025-05-07 19:00:00,-0.46988013
2025-05-07 20:00:00,-0.31818506
2025-05-07 21:00:00,-0.104251236
2025-05-07 22:00:00,0.12921946
2025-05-07 23:00:00,0.3213341
2025-05-08 00:00:00,0.42529494
2025-05-08 01:00:00,0.43133128
2025-05-08 02:00:00,0.32966313
2025-05-08 03:00:00,0.14061378
2025-05-08 04:00:00,-0.07844446
2025-05-08 05:00:00,-0.26641908
2025-05-08 06:00:00,-0.38055566
2025-05-08 07:00:00,-0.37092954
2025-05-08 08:00:00,-0.25080365
2025-05-08 09:00:00,-0.052321643
2025-05-08 10:00:00,0.1685451
2025-05-08 11:00:00,0.3631287
2025-05-08 12:00:00,0.47699094
